case,impl,operation,workload,mean_seconds,ci_full_width_seconds,ci_half_width_seconds,ci_level_percent,repetitions
c_encode_shakespeare,c,encode,shakespeare,0.0541423,6.52762e-05,3.26381e-05,95,53
rust_encode_shakespeare,rust,encode,shakespeare,0.0418088,0.000117643,5.88215e-05,95,64
c_decode_shakespeare,c,decode,shakespeare,0.0800062,7.28337e-05,3.641685e-05,95,33
rust_decode_shakespeare,rust,decode,shakespeare,0.0652912,0.00104738,0.00052369,95,41
c_encode_kipling,c,encode,kipling,0.0134534,2.48329e-05,1.241645e-05,95,30
rust_encode_kipling,rust,encode,kipling,0.010597,2.78432e-05,1.39216e-05,95,30
c_decode_kipling,c,decode,kipling,0.0193806,0.000454017,0.0002270085,95,84
rust_decode_kipling,rust,decode,kipling,0.0164183,2.59866e-05,1.29933e-05,95,30
c_encode_kernel,c,encode,kernel,1.76919,0.00173114,0.00086557,95,90
rust_encode_kernel,rust,encode,kernel,1.07685,0.00112676,0.00056338,95,30
c_decode_kernel,c,decode,kernel,2.11254,0.00346687,0.001733435,95,30
rust_decode_kernel,rust,decode,kernel,1.19543,0.0007388,0.0003694,95,124
